application_id,loan_account_number,disbursement_amount,disbursement_date
A001,L001,2470701,05-01-2026
A003,L003,1096428,13-01-2026
A004,L004,225832,12-01-2026
A005,L005,2400605,25-01-2026
A006,L006,1989347,16-01-2026
A007,L007,360572,30-01-2026
A008,L008,260731,14-01-2026
A010,L010,2087961,16-01-2026
A013,L013,1749266,19-01-2026
A015,L015,1159294,10-01-2026
A016,L016,292216,23-01-2026
A017,L017,1702887,17-01-2026
A018,L018,154037,02-01-2026
A021,L021,1466940,19-01-2026
A023,L023,621024,15-01-2026
A024,L024,1244644,22-01-2026
A025,L025,105228,30-01-2026
A026,L026,1302485,08-01-2026
A027,L027,2314822,26-01-2026
A031,L031,1359887,12-01-2026
A033,L033,2948801,20-01-2026
A034,L034,913556,13-01-2026
A035,L035,303319,27-01-2026
A036,L036,1952889,07-01-2026
A039,L039,1366117,13-01-2026
A040,L040,938085,23-01-2026
A041,L041,507965,19-01-2026
A042,L042,1927708,16-01-2026
A045,L045,595515,21-01-2026
A046,L046,2235380,31-01-2026
A047,L047,1923845,14-01-2026
A048,L048,2036919,16-01-2026
A050,L050,2571087,12-01-2026
A056,L056,1302285,13-01-2026
A057,L057,659472,30-01-2026
A058,L058,2897636,29-01-2026
A059,L059,1011793,09-01-2026
A060,L060,1396205,07-01-2026
A061,L061,1947592,07-01-2026
A062,L062,533884,17-01-2026
A064,L064,2031541,05-01-2026
A065,L065,1793092,21-01-2026
A069,L069,1722354,20-01-2026
A072,L072,514582,19-01-2026
A073,L073,590237,02-01-2026
A074,L074,468071,09-01-2026
A075,L075,191957,03-01-2026
A078,L078,2212763,08-01-2026
A079,L079,2706140,29-01-2026
A081,L081,1393096,21-01-2026
A082,L082,1785587,25-01-2026
A084,L084,2634819,19-01-2026
A085,L085,979845,23-01-2026
A086,L086,210210,27-01-2026
A087,L087,1692877,04-01-2026
A088,L088,2450977,11-01-2026
A091,L091,2013270,30-01-2026
A094,L094,1736817,04-01-2026
A095,L095,2202595,09-01-2026
A096,L096,2176169,14-01-2026
A097,L097,908125,22-01-2026
A098,L098,1036686,07-01-2026
A100,L100,2518644,03-01-2026
A103,L103,2186480,24-01-2026
A105,L105,2799069,02-01-2026
A106,L106,2288188,19-01-2026
A107,L107,565066,07-01-2026
A108,L108,2607373,09-01-2026
A109,L109,2721790,05-01-2026
A110,L110,2352690,27-01-2026
A111,L111,1201467,07-01-2026
A112,L112,347906,10-01-2026
A114,L114,1084375,02-01-2026
A118,L118,2301894,06-01-2026
A120,L120,1531637,10-01-2026
A121,L121,228433,03-01-2026
A124,L124,854834,20-01-2026
A130,L130,1674308,21-01-2026
A131,L131,1388632,04-01-2026
A133,L133,2610745,22-01-2026
A137,L137,1006051,02-01-2026
A138,L138,2742140,10-01-2026
A139,L139,2968489,24-01-2026
A142,L142,2473727,22-01-2026
A144,L144,410194,08-01-2026
A145,L145,719414,29-01-2026
A147,L147,1705511,13-01-2026
A148,L148,2665287,10-01-2026
A149,L149,414809,09-01-2026
A150,L150,1416100,28-01-2026
A151,L151,1148486,22-01-2026
A154,L154,480528,11-01-2026
A156,L156,865011,25-01-2026
A158,L158,1266865,13-01-2026
A159,L159,480160,12-01-2026
A162,L162,2118330,15-01-2026
A166,L166,346553,24-01-2026
A167,L167,187221,05-01-2026
A169,L169,555589,18-01-2026
A170,L170,2644372,31-01-2026
A176,L176,296015,23-01-2026
A178,L178,2484916,12-01-2026
A179,L179,495160,11-01-2026
A180,L180,1168819,02-01-2026
A181,L181,698262,11-01-2026
A182,L182,363174,27-01-2026
A187,L187,2922020,14-01-2026
A188,L188,1084749,02-01-2026
A192,L192,1839701,29-01-2026
A194,L194,1987337,02-01-2026
A195,L195,1502644,07-01-2026
A197,L197,602549,27-01-2026
A199,L199,2267179,24-01-2026
A200,L200,2997058,26-01-2026
A201,L201,1122747,23-01-2026
A202,L202,188797,05-01-2026
A203,L203,2479231,22-01-2026
A205,L205,778462,30-01-2026
A207,L207,2103097,29-01-2026
A209,L209,2944892,15-01-2026
A210,L210,1422783,26-01-2026
A211,L211,1167284,24-01-2026
A212,L212,2146767,14-01-2026
A213,L213,1779779,06-01-2026
A214,L214,2059974,29-01-2026
A215,L215,2987575,18-01-2026
A216,L216,1581371,10-01-2026
A220,L220,1901934,27-01-2026
A221,L221,2241711,10-01-2026
A222,L222,2040212,10-01-2026
A223,L223,128406,24-01-2026
A224,L224,1517506,13-01-2026
A227,L227,2948501,30-01-2026
A230,L230,477332,30-01-2026
A231,L231,1036667,27-01-2026
A233,L233,2173683,19-01-2026
A234,L234,748678,19-01-2026
A235,L235,372197,12-01-2026
A237,L237,552827,13-01-2026
A239,L239,1773657,20-01-2026
A240,L240,1997834,28-01-2026
A241,L241,2308610,18-01-2026
A247,L247,1114768,07-01-2026
A249,L249,1590661,22-01-2026
A250,L250,609862,08-01-2026
A251,L251,1268190,11-01-2026
A252,L252,548623,18-01-2026
A254,L254,636970,26-01-2026
A255,L255,1196353,26-01-2026
A257,L257,2554667,12-01-2026
A258,L258,2653658,16-01-2026
A264,L264,751315,13-01-2026
A265,L265,110102,20-01-2026
A266,L266,630250,02-01-2026
A268,L268,2840274,11-01-2026
A269,L269,2350055,01-01-2026
A270,L270,2844768,31-01-2026
A271,L271,1390667,04-01-2026
A276,L276,2089165,07-01-2026
A277,L277,591014,21-01-2026
A278,L278,229019,09-01-2026
A279,L279,655003,01-01-2026
A281,L281,2952546,31-01-2026
A282,L282,139670,21-01-2026
A283,L283,1231646,15-01-2026
A284,L284,2561181,04-01-2026
A285,L285,994358,22-01-2026
A286,L286,2053784,07-01-2026
A287,L287,1156034,15-01-2026
A288,L288,899958,25-01-2026
A290,L290,385175,24-01-2026
A291,L291,1636684,19-01-2026
A292,L292,417562,24-01-2026
A293,L293,1707951,27-01-2026
A294,L294,858982,18-01-2026
A295,L295,2465075,12-01-2026
A299,L299,1624993,18-01-2026
A300,L300,295910,26-01-2026
A301,L301,2886226,19-01-2026
A302,L302,352718,10-01-2026
A303,L303,2797301,07-01-2026
A304,L304,871510,05-01-2026
A308,L308,2720568,17-01-2026
A309,L309,1613738,17-01-2026
A310,L310,2669533,29-01-2026
A311,L311,445915,24-01-2026
A312,L312,231319,16-01-2026
A314,L314,2282984,27-01-2026
A315,L315,441630,10-01-2026
A319,L319,2862325,06-01-2026
A320,L320,2409882,18-01-2026
A321,L321,1420265,09-01-2026
A324,L324,2502520,02-01-2026
A325,L325,2789978,29-01-2026
A328,L328,2203057,27-01-2026
A330,L330,1711280,03-01-2026
A331,L331,184535,03-01-2026
A332,L332,2881055,08-01-2026
A333,L333,2066161,22-01-2026
A334,L334,1987715,30-01-2026
A335,L335,268286,23-01-2026
A339,L339,927916,01-01-2026
A340,L340,2889540,24-01-2026
A341,L341,1006206,20-01-2026
A342,L342,1504349,11-01-2026
A343,L343,2740939,13-01-2026
A344,L344,1395391,12-01-2026
A345,L345,1954371,14-01-2026
A346,L346,122766,02-01-2026
A348,L348,2655173,03-01-2026
A350,L350,1400538,25-01-2026
A351,L351,559656,05-01-2026
A353,L353,1516162,01-01-2026
A354,L354,1219766,05-01-2026
A355,L355,1831332,17-01-2026
A356,L356,2258403,06-01-2026
A357,L357,2342753,24-01-2026
A358,L358,2726598,03-01-2026
A359,L359,1611944,21-01-2026
A361,L361,1473746,15-01-2026
A362,L362,2374281,25-01-2026
A363,L363,2668574,22-01-2026
A364,L364,2419340,16-01-2026
A365,L365,868627,02-01-2026
A366,L366,2668909,14-01-2026
A370,L370,1720140,22-01-2026
A371,L371,961308,18-01-2026
A373,L373,1434559,05-01-2026
A374,L374,383905,16-01-2026
A375,L375,424993,14-01-2026
A376,L376,2900384,09-01-2026
A377,L377,2736673,03-01-2026
A378,L378,1553111,21-01-2026
A379,L379,196197,28-01-2026
A382,L382,2985022,11-01-2026
A383,L383,746519,24-01-2026
A385,L385,475548,17-01-2026
A386,L386,2569497,11-01-2026
A389,L389,2777881,26-01-2026
A390,L390,481795,02-01-2026
A391,L391,734688,30-01-2026
A392,L392,2666762,25-01-2026
A393,L393,1370421,23-01-2026
A394,L394,487820,08-01-2026
A398,L398,2701729,31-01-2026
A400,L400,1865718,24-01-2026
